<NotepadPlus>
    <UserLang name="FXCore Assembler" ext="fxc" udlVersion="2.1">
        <Settings>
            <Global caseIgnored="yes" allowFoldOfComments="yes" foldCompact="no" forcePureLC="0" decimalSeparator="0" />
            <Prefix Keywords1="no" Keywords2="no" Keywords3="no" Keywords4="no" Keywords5="no" Keywords6="no" Keywords7="no" Keywords8="no" />
        </Settings>
        <KeywordLists>
            <Keywords name="Comments">00; 00// 01 02 03 04</Keywords>
            <Keywords name="Numbers, prefix1">0b</Keywords>
            <Keywords name="Numbers, prefix2">0x</Keywords>
            <Keywords name="Numbers, extras1">A B C D E F a b c d e f</Keywords>
            <Keywords name="Numbers, extras2">A B C D E F a b c d e f</Keywords>
            <Keywords name="Numbers, suffix1">.l .L .u .U</Keywords>
            <Keywords name="Numbers, suffix2"></Keywords>
            <Keywords name="Numbers, range"></Keywords>
            <Keywords name="Operators1">+ - * / ^ | &amp;</Keywords>
            <Keywords name="Operators2"></Keywords>
            <Keywords name="Folders in code1, open"></Keywords>
            <Keywords name="Folders in code1, middle"></Keywords>
            <Keywords name="Folders in code1, close"></Keywords>
            <Keywords name="Folders in code2, open"></Keywords>
            <Keywords name="Folders in code2, middle"></Keywords>
            <Keywords name="Folders in code2, close"></Keywords>
            <Keywords name="Folders in comment, open">region</Keywords>
            <Keywords name="Folders in comment, middle"></Keywords>
            <Keywords name="Folders in comment, close">end</Keywords>
            <Keywords name="Keywords1">abs clracc64 addi add adds addsi sub subs sl slr sls slsr sr srr sra srar macrr macri macrd macid machrr machri machrd machid multrr multri neg log2 exp2 cpy_cc cpy_cm cpy_cs cpy_mc cpy_sc cpy_cmx rdacc64u rdacc64l ldacc64u ldacc64l rddel wrdel rddelx wrdelx rddirx wrdirx sat64 wrdld inv or ori and andi xor xori jgez jneg jnz jz jzc jmp apa apb apra aprb apma apmb chr pitch set interp</Keywords>
            <Keywords name="Keywords2">r0 r1 r2 r3 r4 r5 r6 r7 r8 r9 r10 r11 r12 r13 r14 r15 acc32 flag acc64 mr0 mr1 mr2 mr3 mr4 mr5 mr6 mr7 mr8 mr9 mr10 mr11 mr12 mr13 mr14 mr15 mr16 mr17 mr18 mr19 mr20 mr21 mr22 mr23 mr24 mr25 mr26 mr27 mr28 mr29 mr30 mr31 mr32 mr33 mr34 mr35 mr36 mr37 mr38 mr39 mr40 mr41 mr42 mr43 mr44 mr45 mr46 mr47 mr48 mr49 mr50 mr51 mr52 mr53 mr54 mr55 mr56 mr57 mr58 mr59 mr60 mr61 mr62 mr63 mr64 mr65 mr66 mr67 mr68 mr69 mr70 mr71 mr72 mr73 mr74 mr75 mr76 mr77 mr78 mr79 mr80 mr81 mr82 mr83 mr84 mr85 mr86 mr87 mr88 mr89 mr90 mr91 mr92 mr93 mr94 mr95 mr96 mr97 mr98 mr99 mr100 mr101 mr102 mr103 mr104 mr105 mr106 mr107 mr108 mr109 mr110 mr111 mr112 mr113 mr114 mr115 mr116 mr117 mr118 mr119 mr120 mr121 mr122 mr123 mr124 mr125 mr126 mr127 in0 in1 in2 in3 out0 out1 out2 out3 pin switch pot0_k pot1_k pot2_k pot3_k pot4_k pot5_k pot0 pot1 pot2 pot3 pot4 pot5 pot0_smth pot1_smth pot2_smth pot3_smth pot4_smth pot5_smth lfo0_f lfo1_f lfo2_f lfo3_f ramp0_f ramp1_f lfo0_s lfo0_c lfo1_s lfo1_c lfo2_s lfo2_c lfo3_s lfo3_c ramp0_r ramp1_r maxtempo taptempo samplecnt noise bootstat tapstkrld tapdbrld swdbrld prgdbrld oflrld</Keywords>
            <Keywords name="Keywords3">.creg .mreg .sfr</Keywords>
            <Keywords name="Keywords4">.rn</Keywords>
            <Keywords name="Keywords5">.equ</Keywords>
            <Keywords name="Keywords6">.mem</Keywords>
            <Keywords name="Keywords7"></Keywords>
            <Keywords name="Keywords8"></Keywords>
            <Keywords name="Delimiters">00 01 02 03 04 05 06 07 08 09 10 11 12 13 14 15 16 17 18 19 20 21 22 23</Keywords>
        </KeywordLists>
        <Styles>
            <WordsStyle name="DEFAULT" fgColor="000000" bgColor="FFFFFF" fontStyle="0" nesting="0" />
            <WordsStyle name="COMMENTS" fgColor="000000" bgColor="FFFFFF" fontStyle="0" nesting="0" />
            <WordsStyle name="LINE COMMENTS" fgColor="00AA00" bgColor="FFFFFF" fontStyle="0" nesting="0" />
            <WordsStyle name="NUMBERS" fgColor="FF8000" bgColor="FFFFFF" fontStyle="0" nesting="0" />
            <WordsStyle name="KEYWORDS1" fgColor="0000FF" bgColor="FFFFFF" fontStyle="0" nesting="0" />
            <WordsStyle name="KEYWORDS2" fgColor="8080FF" bgColor="FFFF00" fontStyle="0" nesting="0" />
            <WordsStyle name="KEYWORDS3" fgColor="FF00FF" bgColor="FFFFFF" fontStyle="0" nesting="0" />
            <WordsStyle name="KEYWORDS4" fgColor="808040" bgColor="FFFFFF" fontStyle="0" nesting="0" />
            <WordsStyle name="KEYWORDS5" fgColor="004000" bgColor="FFFFFF" fontStyle="0" nesting="0" />
            <WordsStyle name="KEYWORDS6" fgColor="008080" bgColor="FFFFFF" fontStyle="0" nesting="0" />
            <WordsStyle name="KEYWORDS7" fgColor="000000" bgColor="FFFFFF" fontStyle="0" nesting="0" />
            <WordsStyle name="KEYWORDS8" fgColor="000000" bgColor="FFFFFF" fontStyle="0" nesting="0" />
            <WordsStyle name="OPERATORS" fgColor="FF0000" bgColor="FFFFFF" fontStyle="0" nesting="0" />
            <WordsStyle name="FOLDER IN CODE1" fgColor="000000" bgColor="FFFFFF" fontStyle="0" nesting="0" />
            <WordsStyle name="FOLDER IN CODE2" fgColor="000000" bgColor="FFFFFF" fontStyle="0" nesting="0" />
            <WordsStyle name="FOLDER IN COMMENT" fgColor="000000" bgColor="FFFFFF" fontStyle="0" nesting="0" />
            <WordsStyle name="DELIMITERS1" fgColor="FF0000" bgColor="FFFFFF" fontStyle="0" nesting="0" />
            <WordsStyle name="DELIMITERS2" fgColor="000000" bgColor="FFFFFF" fontStyle="0" nesting="0" />
            <WordsStyle name="DELIMITERS3" fgColor="000000" bgColor="FFFFFF" fontStyle="0" nesting="0" />
            <WordsStyle name="DELIMITERS4" fgColor="000000" bgColor="FFFFFF" fontStyle="0" nesting="0" />
            <WordsStyle name="DELIMITERS5" fgColor="000000" bgColor="FFFFFF" fontStyle="0" nesting="0" />
            <WordsStyle name="DELIMITERS6" fgColor="000000" bgColor="FFFFFF" fontStyle="0" nesting="0" />
            <WordsStyle name="DELIMITERS7" fgColor="000000" bgColor="FFFFFF" fontStyle="0" nesting="0" />
            <WordsStyle name="DELIMITERS8" fgColor="000000" bgColor="FFFFFF" fontStyle="0" nesting="0" />
        </Styles>
    </UserLang>
</NotepadPlus>
